,surrogate key,gender,marriage,present_residence_since,age,has telephone,present_employment_since,job type,is_foreign_worker
0,1,male,single,4,67,True,above_7y,skilled_official,True
1,2,female,divorced_or_married,2,22,False,below_4y,skilled_official,True
2,3,male,single,3,49,False,below_7y,unskilled_resident,True
3,4,male,single,4,45,False,below_7y,skilled_official,True
4,5,male,single,4,53,False,below_4y,skilled_official,True
5,6,male,single,4,35,True,below_4y,unskilled_resident,True
6,7,male,single,4,53,False,above_7y,skilled_official,True
7,8,male,single,2,35,True,below_4y,management_or_self_emp,True
8,9,male,divorced,4,61,False,below_7y,unskilled_resident,True
9,10,male,married_or_widowed,2,28,False,unemployed,management_or_self_emp,True
10,11,female,divorced_or_married,1,25,False,below_1y,skilled_official,True
11,12,female,divorced_or_married,4,24,False,below_1y,skilled_official,True
12,13,female,divorced_or_married,1,22,True,below_4y,skilled_official,True
13,14,male,single,4,60,False,above_7y,unskilled_resident,True
14,15,female,divorced_or_married,4,28,False,below_4y,skilled_official,True
15,16,female,divorced_or_married,2,32,False,below_4y,unskilled_resident,True
16,17,male,single,4,53,False,above_7y,skilled_official,True
17,18,male,single,3,25,False,below_1y,skilled_official,True
18,19,female,divorced_or_married,2,44,True,above_7y,management_or_self_emp,True
19,20,male,single,2,31,True,above_7y,skilled_official,True
20,21,male,single,4,48,True,below_4y,skilled_official,True
21,22,male,single,3,44,False,below_4y,skilled_official,True
22,23,male,single,3,48,False,below_1y,unskilled_resident,False
23,24,male,single,4,44,False,below_1y,skilled_official,True
24,25,male,married_or_widowed,1,26,False,below_4y,skilled_official,False
25,26,male,single,2,36,True,below_4y,unskilled_resident,True
26,27,male,married_or_widowed,4,39,False,above_7y,unskilled_resident,True
27,28,female,divorced_or_married,3,42,False,below_4y,skilled_official,True
28,29,male,single,2,34,False,below_4y,skilled_official,True
29,30,male,single,4,63,True,above_7y,skilled_official,True
30,31,male,married_or_widowed,3,36,True,below_1y,skilled_official,True
31,32,male,single,2,27,False,below_4y,skilled_official,True
32,33,male,single,2,30,True,below_4y,skilled_official,True
33,34,male,single,4,57,False,above_7y,unskilled_resident,True
34,35,female,divorced_or_married,1,33,True,below_1y,management_or_self_emp,True
35,36,male,single,2,25,False,below_1y,unskilled_resident,True
36,37,male,single,3,31,True,below_4y,skilled_official,True
37,38,male,single,2,37,False,below_4y,skilled_official,True
38,39,male,single,2,37,True,below_4y,skilled_official,True
39,40,male,single,3,24,False,below_4y,skilled_official,True
40,41,male,single,2,30,False,above_7y,management_or_self_emp,True
41,42,male,divorced,1,26,True,below_4y,skilled_official,True
42,43,male,single,4,44,True,below_4y,unskilled_resident,True
43,44,male,married_or_widowed,4,24,False,below_7y,skilled_official,True
44,45,female,divorced_or_married,4,58,False,above_7y,unskilled_resident,True
45,46,female,divorced_or_married,4,35,False,below_1y,management_or_self_emp,True
46,47,male,single,4,39,False,above_7y,skilled_official,True
47,48,female,divorced_or_married,2,23,True,unemployed,unemployed_non_resident,True
48,49,male,single,4,39,False,below_4y,unskilled_resident,True
49,50,female,divorced_or_married,2,28,False,below_4y,skilled_official,True
50,51,male,single,2,29,False,below_1y,unskilled_resident,True
51,52,male,single,2,30,True,above_7y,management_or_self_emp,True
52,53,male,single,2,25,False,below_4y,skilled_official,True
53,54,male,single,1,31,True,below_4y,skilled_official,True
54,55,male,single,4,57,True,above_7y,skilled_official,True
55,56,male,single,2,26,False,below_4y,unskilled_resident,True
56,57,male,single,1,52,True,unemployed,management_or_self_emp,True
57,58,female,divorced_or_married,2,31,False,below_4y,skilled_official,True
58,59,female,divorced_or_married,2,23,False,above_7y,management_or_self_emp,True
59,60,female,divorced_or_married,4,23,True,below_1y,unskilled_resident,True
60,61,male,married_or_widowed,1,27,True,below_4y,skilled_official,True
61,62,male,single,4,50,True,above_7y,skilled_official,True
62,63,male,single,4,61,True,above_7y,management_or_self_emp,True
63,64,male,single,2,25,True,below_4y,skilled_official,True
64,65,female,divorced_or_married,4,26,True,below_1y,skilled_official,True
65,66,male,single,4,48,True,above_7y,skilled_official,True
66,67,female,divorced_or_married,2,29,False,below_1y,skilled_official,True
67,68,male,married_or_widowed,1,22,False,below_4y,skilled_official,True
68,69,male,single,4,37,True,below_4y,skilled_official,True
69,70,female,divorced_or_married,4,25,False,below_4y,skilled_official,True
70,71,female,divorced_or_married,2,30,False,below_4y,skilled_official,True
71,72,male,single,2,46,True,above_7y,unskilled_resident,True
72,73,male,single,4,51,True,above_7y,management_or_self_emp,True
73,74,female,divorced_or_married,1,41,False,below_7y,unskilled_resident,True
74,75,male,single,4,40,True,above_7y,management_or_self_emp,True
75,76,male,single,4,66,False,above_7y,management_or_self_emp,True
76,77,male,single,3,34,False,below_1y,skilled_official,True
77,78,male,single,4,51,False,below_7y,skilled_official,True
78,79,male,single,2,39,False,below_4y,unskilled_resident,True
79,80,male,married_or_widowed,1,22,False,below_1y,skilled_official,True
80,81,female,divorced_or_married,1,44,True,below_1y,skilled_official,True
81,82,male,single,3,47,True,above_7y,skilled_official,True
82,83,female,divorced_or_married,4,24,False,below_4y,unskilled_resident,True
83,84,female,divorced_or_married,4,58,True,above_7y,unskilled_resident,True
84,85,male,single,4,52,False,above_7y,unskilled_resident,True
85,86,female,divorced_or_married,2,29,True,below_4y,management_or_self_emp,True
86,87,female,divorced_or_married,1,27,False,below_1y,skilled_official,True
87,88,male,single,4,47,True,below_4y,skilled_official,True
88,89,male,single,3,30,True,below_7y,management_or_self_emp,True
89,90,male,single,3,28,False,below_7y,skilled_official,True
90,91,male,single,4,56,False,above_7y,skilled_official,True
91,92,male,single,3,54,False,above_7y,skilled_official,True
92,93,female,divorced_or_married,3,33,False,above_7y,unskilled_resident,True
93,94,male,single,4,20,False,above_7y,skilled_official,True
94,95,male,single,4,54,True,above_7y,skilled_official,True
95,96,male,single,4,58,True,below_1y,skilled_official,True
96,97,female,divorced_or_married,2,61,False,below_7y,skilled_official,True
97,98,male,single,4,34,False,below_4y,skilled_official,True
98,99,male,single,4,36,False,above_7y,skilled_official,True
99,100,male,single,4,36,True,below_7y,management_or_self_emp,True
100,101,male,married_or_widowed,4,41,False,above_7y,unskilled_resident,True
101,102,male,single,4,24,False,below_7y,skilled_official,True
102,103,female,divorced_or_married,2,24,False,below_4y,skilled_official,True
103,104,male,single,3,35,True,below_7y,skilled_official,True
104,105,male,married_or_widowed,4,26,True,below_1y,skilled_official,True
105,106,male,single,3,39,True,below_4y,management_or_self_emp,True
106,107,male,single,4,39,True,above_7y,management_or_self_emp,True
107,108,male,single,2,32,False,below_7y,skilled_official,True
108,109,female,divorced_or_married,2,30,True,below_1y,skilled_official,False
109,110,male,married_or_widowed,2,35,True,above_7y,skilled_official,True
110,111,male,divorced,2,31,False,above_7y,skilled_official,True
111,112,female,divorced_or_married,4,23,True,below_1y,skilled_official,True
112,113,male,single,3,28,False,below_7y,unskilled_resident,True
113,114,female,divorced_or_married,2,25,True,below_4y,skilled_official,True
114,115,male,married_or_widowed,1,35,False,above_7y,skilled_official,True
115,116,male,single,1,47,True,above_7y,skilled_official,True
116,117,female,divorced_or_married,3,30,True,below_7y,management_or_self_emp,True
117,118,female,divorced_or_married,3,27,False,below_1y,skilled_official,False
118,119,female,divorced_or_married,4,23,False,below_4y,skilled_official,True
119,120,male,divorced,3,36,True,below_7y,management_or_self_emp,True
120,121,female,divorced_or_married,2,25,True,below_4y,skilled_official,True
121,122,female,divorced_or_married,2,41,True,above_7y,management_or_self_emp,True
122,123,male,single,2,24,False,below_4y,unskilled_resident,True
123,124,male,single,4,63,True,above_7y,skilled_official,True
124,125,female,divorced_or_married,3,27,False,below_1y,skilled_official,True
125,126,male,single,2,30,False,below_4y,skilled_official,True
126,127,male,married_or_widowed,2,40,False,below_4y,unskilled_resident,True
127,128,male,single,2,30,False,below_4y,skilled_official,True
128,129,male,single,2,34,True,unemployed,management_or_self_emp,True
129,130,female,divorced_or_married,2,29,False,below_4y,skilled_official,True
130,131,female,divorced_or_married,2,24,False,below_7y,skilled_official,True
131,132,male,single,3,29,True,below_4y,skilled_official,True
132,133,male,single,3,27,False,below_1y,unskilled_resident,True
133,134,male,single,4,47,False,below_4y,skilled_official,True
134,135,female,divorced_or_married,4,21,True,below_7y,skilled_official,True
135,136,female,divorced_or_married,2,38,True,above_7y,skilled_official,True
136,137,male,single,2,27,False,below_4y,skilled_official,True
137,138,male,single,3,66,False,below_4y,unskilled_resident,True
138,139,male,single,2,35,True,below_7y,skilled_official,True
139,140,female,divorced_or_married,2,44,True,below_4y,unskilled_resident,True
140,141,male,married_or_widowed,2,27,False,below_1y,unemployed_non_resident,False
141,142,female,divorced_or_married,1,30,True,below_1y,management_or_self_emp,True
142,143,male,single,2,27,False,below_4y,management_or_self_emp,True
143,144,male,single,2,22,False,below_4y,skilled_official,True
144,145,female,divorced_or_married,4,23,True,below_1y,skilled_official,True
145,146,male,single,2,30,False,below_7y,skilled_official,True
146,147,female,divorced_or_married,4,39,True,above_7y,skilled_official,True
147,148,female,divorced_or_married,3,51,True,below_7y,skilled_official,True
148,149,male,single,2,28,False,below_4y,skilled_official,True
149,150,male,single,4,46,False,above_7y,skilled_official,True
150,151,male,single,4,42,True,above_7y,skilled_official,True
151,152,male,single,4,38,True,below_4y,skilled_official,False
152,153,male,single,1,24,False,below_4y,skilled_official,True
153,154,female,divorced_or_married,4,29,False,above_7y,skilled_official,True
154,155,male,single,4,36,True,below_7y,management_or_self_emp,True
155,156,female,divorced_or_married,4,20,False,below_4y,skilled_official,True
156,157,male,single,4,48,False,above_7y,skilled_official,False
157,158,male,married_or_widowed,1,45,False,above_7y,unskilled_resident,True
158,159,male,single,3,38,True,below_7y,skilled_official,True
159,160,male,single,2,34,False,below_4y,unskilled_resident,True
160,161,male,single,4,36,True,above_7y,skilled_official,True
161,162,female,divorced_or_married,1,30,False,below_1y,skilled_official,True
162,163,male,single,3,36,True,below_7y,skilled_official,True
163,164,male,single,4,70,True,unemployed,management_or_self_emp,True
164,165,male,single,4,36,False,above_7y,skilled_official,True
165,166,male,single,2,32,True,below_4y,skilled_official,True
166,167,female,divorced_or_married,2,33,False,unemployed,skilled_official,True
167,168,female,divorced_or_married,1,20,False,below_1y,skilled_official,True
168,169,female,divorced_or_married,4,25,True,below_7y,skilled_official,True
169,170,male,divorced,4,31,True,above_7y,skilled_official,True
170,171,male,single,3,33,False,above_7y,skilled_official,True
171,172,female,divorced_or_married,1,26,True,below_4y,skilled_official,True
172,173,female,divorced_or_married,2,34,True,unemployed,management_or_self_emp,True
173,174,male,single,2,33,False,below_4y,skilled_official,False
174,175,male,single,1,26,False,below_1y,skilled_official,True
175,176,female,divorced_or_married,1,53,True,unemployed,management_or_self_emp,True
176,177,male,divorced,1,42,False,below_4y,skilled_official,True
177,178,male,single,4,52,False,above_7y,skilled_official,True
178,179,male,single,2,31,True,below_7y,management_or_self_emp,True
179,180,male,single,4,65,False,above_7y,skilled_official,True
180,181,male,divorced,1,28,False,below_1y,skilled_official,True
181,182,male,divorced,2,30,True,below_4y,management_or_self_emp,True
182,183,male,single,2,40,False,below_4y,unskilled_resident,True
183,184,male,single,4,50,True,below_4y,skilled_official,True
184,185,male,single,4,36,True,above_7y,skilled_official,True
185,186,male,single,2,31,False,below_4y,skilled_official,True
186,187,female,divorced_or_married,4,74,True,above_7y,management_or_self_emp,True
187,188,male,single,3,68,True,unemployed,unemployed_non_resident,True
188,189,male,married_or_widowed,1,20,False,below_7y,skilled_official,True
189,190,female,divorced_or_married,4,33,True,below_4y,skilled_official,True
190,191,male,single,3,54,True,below_4y,management_or_self_emp,True
191,192,male,single,4,34,False,below_7y,unskilled_resident,True
192,193,male,single,2,36,True,below_4y,skilled_official,True
193,194,male,married_or_widowed,2,29,False,below_7y,skilled_official,True
194,195,male,single,4,21,False,below_4y,skilled_official,True
195,196,female,divorced_or_married,3,34,True,above_7y,management_or_self_emp,True
196,197,female,divorced_or_married,1,28,True,below_4y,skilled_official,True
197,198,female,divorced_or_married,4,27,False,below_1y,skilled_official,True
198,199,male,single,4,36,True,above_7y,skilled_official,True
199,200,male,divorced,3,40,True,above_7y,management_or_self_emp,True
200,201,male,single,2,52,True,above_7y,skilled_official,True
201,202,male,married_or_widowed,3,27,False,below_4y,unskilled_resident,True
202,203,male,single,4,26,False,below_7y,skilled_official,True
203,204,male,married_or_widowed,4,21,False,below_7y,skilled_official,True
204,205,male,single,1,38,False,above_7y,unskilled_resident,True
205,206,male,single,4,38,True,above_7y,management_or_self_emp,True
206,207,male,single,4,43,True,above_7y,skilled_official,True
207,208,male,single,3,26,False,below_7y,skilled_official,True
208,209,male,married_or_widowed,2,21,False,below_4y,unskilled_resident,True
209,210,male,single,2,55,False,below_7y,skilled_official,False
210,211,male,single,2,33,False,below_4y,skilled_official,True
211,212,female,divorced_or_married,4,45,True,above_7y,unskilled_resident,True
212,213,male,single,4,50,True,unemployed,skilled_official,True
213,214,male,single,4,66,True,above_7y,management_or_self_emp,True
214,215,male,single,2,51,True,above_7y,skilled_official,True
215,216,female,divorced_or_married,3,39,False,below_7y,unskilled_resident,True
216,217,male,single,1,31,True,below_7y,skilled_official,True
217,218,male,single,2,23,True,below_4y,skilled_official,True
218,219,male,divorced,2,24,False,below_4y,unskilled_resident,True
219,220,female,divorced_or_married,4,64,True,below_4y,skilled_official,True
220,221,male,married_or_widowed,1,26,False,below_1y,unskilled_resident,True
221,222,female,divorced_or_married,4,23,True,below_4y,skilled_official,True
222,223,male,single,2,30,False,below_4y,skilled_official,True
223,224,male,single,4,32,True,below_4y,skilled_official,True
224,225,male,single,2,30,True,below_4y,skilled_official,True
225,226,male,single,2,27,False,below_4y,skilled_official,True
226,227,male,single,2,27,True,below_7y,skilled_official,True
227,228,male,single,4,53,True,above_7y,management_or_self_emp,True
228,229,male,single,2,22,False,below_7y,skilled_official,True
229,230,male,single,1,22,False,below_1y,skilled_official,True
230,231,male,single,2,26,False,below_4y,skilled_official,True
231,232,male,single,4,51,False,above_7y,unskilled_resident,True
232,233,male,single,1,35,False,below_7y,skilled_official,True
233,234,male,married_or_widowed,2,25,False,below_4y,unskilled_resident,True
234,235,male,single,1,42,False,below_7y,unskilled_resident,True
235,236,male,single,2,30,False,unemployed,management_or_self_emp,True
236,237,male,single,2,23,True,unemployed,unemployed_non_resident,True
237,238,male,divorced,2,61,False,above_7y,unskilled_resident,True
238,239,female,divorced_or_married,2,35,False,below_4y,skilled_official,True
239,240,male,single,3,39,False,above_7y,skilled_official,True
240,241,female,divorced_or_married,2,29,False,above_7y,skilled_official,True
241,242,male,single,2,51,False,below_7y,skilled_official,True
242,243,male,single,4,24,False,above_7y,skilled_official,True
243,244,female,divorced_or_married,2,27,False,below_4y,skilled_official,True
244,245,female,divorced_or_married,3,35,False,below_4y,unskilled_resident,True
245,246,male,single,1,25,True,below_7y,skilled_official,True
246,247,male,single,4,52,False,above_7y,skilled_official,True
247,248,male,single,1,35,False,below_4y,skilled_official,False
248,249,male,single,2,26,False,below_4y,skilled_official,True
249,250,female,divorced_or_married,4,22,False,unemployed,skilled_official,True
250,251,female,divorced_or_married,4,39,True,below_7y,unskilled_resident,True
251,252,female,divorced_or_married,2,46,False,below_4y,unskilled_resident,True
252,253,female,divorced_or_married,2,24,False,below_4y,skilled_official,True
253,254,male,single,3,35,False,below_4y,skilled_official,True
254,255,male,single,1,24,True,below_7y,skilled_official,True
255,256,male,single,1,27,False,below_4y,unskilled_resident,True
256,257,male,single,2,35,False,below_4y,unskilled_resident,True
257,258,male,divorced,1,29,False,below_4y,skilled_official,True
258,259,female,divorced_or_married,4,23,True,below_1y,skilled_official,True
259,260,female,divorced_or_married,4,57,False,unemployed,unskilled_resident,True
260,261,male,single,2,27,False,below_4y,skilled_official,True
261,262,female,divorced_or_married,4,55,False,above_7y,skilled_official,True
262,263,male,single,4,36,True,above_7y,management_or_self_emp,True
263,264,female,divorced_or_married,4,57,False,above_7y,unskilled_resident,True
264,265,male,single,4,32,False,above_7y,unskilled_resident,False
265,266,male,single,3,37,False,above_7y,skilled_official,True
266,267,male,single,4,36,False,above_7y,skilled_official,True
267,268,female,divorced_or_married,3,38,True,below_1y,skilled_official,True
268,269,male,divorced,4,45,True,above_7y,management_or_self_emp,False
269,270,male,single,2,25,False,above_7y,skilled_official,True
270,271,male,single,3,32,False,below_7y,skilled_official,False
271,272,female,divorced_or_married,4,37,True,below_7y,skilled_official,True
272,273,male,single,4,36,True,unemployed,management_or_self_emp,True
273,274,male,single,4,28,False,below_7y,skilled_official,True
274,275,male,divorced,1,34,True,below_1y,unskilled_resident,True
275,276,male,single,2,32,False,below_4y,skilled_official,True
276,277,female,divorced_or_married,2,26,False,below_4y,skilled_official,True
277,278,male,divorced,4,49,True,above_7y,unskilled_resident,True
278,279,female,divorced_or_married,4,32,False,below_1y,skilled_official,True
279,280,male,single,4,29,True,below_4y,management_or_self_emp,True
280,281,male,single,4,23,True,above_7y,skilled_official,True
281,282,male,single,2,50,False,below_4y,skilled_official,True
282,283,male,single,4,49,False,below_7y,unskilled_resident,True
283,284,male,single,4,63,False,above_7y,skilled_official,True
284,285,male,divorced,2,37,True,below_1y,skilled_official,True
285,286,female,divorced_or_married,1,35,True,below_1y,unskilled_resident,True
286,287,male,single,3,26,False,below_7y,skilled_official,True
287,288,male,single,4,31,True,unemployed,management_or_self_emp,True
288,289,female,divorced_or_married,4,49,True,below_4y,skilled_official,True
289,290,male,married_or_widowed,4,48,False,below_1y,skilled_official,True
290,291,male,married_or_widowed,2,26,True,below_4y,skilled_official,False
291,292,male,married_or_widowed,4,28,True,below_1y,management_or_self_emp,True
292,293,female,divorced_or_married,4,44,True,above_7y,management_or_self_emp,True
293,294,male,single,4,56,False,above_7y,skilled_official,True
294,295,male,divorced,2,46,False,above_7y,management_or_self_emp,True
295,296,female,divorced_or_married,2,26,True,below_1y,skilled_official,True
296,297,female,divorced_or_married,4,20,False,below_1y,skilled_official,True
297,298,male,single,2,45,False,above_7y,unskilled_resident,False
298,299,male,single,4,43,True,below_4y,skilled_official,True
299,300,male,single,2,32,True,below_7y,skilled_official,True
300,301,female,divorced_or_married,4,54,True,unemployed,unemployed_non_resident,True
301,302,female,divorced_or_married,1,42,True,below_4y,skilled_official,True
302,303,male,single,2,37,False,below_7y,unskilled_resident,True
303,304,male,single,3,49,True,below_7y,skilled_official,True
304,305,male,single,2,44,False,below_4y,skilled_official,True
305,306,male,divorced,2,33,False,below_4y,skilled_official,True
306,307,female,divorced_or_married,4,24,False,below_7y,unskilled_resident,True
307,308,male,married_or_widowed,3,33,True,below_1y,unskilled_resident,True
308,309,female,divorced_or_married,4,24,False,below_4y,skilled_official,True
309,310,male,married_or_widowed,4,22,False,below_4y,unskilled_resident,True
310,311,male,single,4,40,True,unemployed,unemployed_non_resident,True
311,312,male,single,1,25,False,below_4y,skilled_official,True
312,313,female,divorced_or_married,4,26,False,below_1y,skilled_official,True
313,314,male,married_or_widowed,3,25,False,below_7y,unskilled_resident,True
314,315,male,single,2,29,False,below_1y,unskilled_resident,False
315,316,male,single,4,31,False,above_7y,skilled_official,True
316,317,male,single,3,38,False,below_4y,unskilled_resident,True
317,318,female,divorced_or_married,4,48,True,below_4y,unskilled_resident,True
318,319,male,single,2,32,False,below_4y,skilled_official,True
319,320,female,divorced_or_married,4,27,False,above_7y,unskilled_resident,True
320,321,male,married_or_widowed,2,28,False,unemployed,management_or_self_emp,True
321,322,male,divorced,3,32,False,below_1y,skilled_official,True
322,323,male,single,1,34,True,below_7y,management_or_self_emp,True
323,324,male,single,2,28,False,below_4y,skilled_official,True
324,325,female,divorced_or_married,3,36,False,below_4y,skilled_official,True
325,326,male,single,4,39,False,below_7y,unskilled_resident,False
326,327,male,single,4,49,True,above_7y,skilled_official,True
327,328,female,divorced_or_married,3,34,True,below_7y,skilled_official,True
328,329,male,single,2,31,False,above_7y,skilled_official,True
329,330,male,single,4,28,False,above_7y,skilled_official,True
330,331,male,single,4,75,True,unemployed,management_or_self_emp,True
331,332,female,divorced_or_married,2,30,False,below_4y,skilled_official,True
332,333,female,divorced_or_married,2,24,False,below_1y,management_or_self_emp,True
333,334,female,divorced_or_married,4,24,False,below_4y,unskilled_resident,True
334,335,male,single,4,23,False,above_7y,skilled_official,True
335,336,male,divorced,4,44,True,below_4y,management_or_self_emp,True
336,337,female,divorced_or_married,4,23,False,below_1y,unskilled_resident,True
337,338,female,divorced_or_married,2,24,False,below_4y,skilled_official,True
338,339,male,single,4,28,False,below_4y,skilled_official,True
339,340,male,divorced,2,31,False,below_4y,unskilled_resident,True
340,341,female,divorced_or_married,4,24,True,below_1y,skilled_official,True
341,342,female,divorced_or_married,4,26,False,below_7y,unskilled_resident,True
342,343,male,married_or_widowed,3,25,False,below_1y,skilled_official,True
343,344,male,single,1,33,True,above_7y,management_or_self_emp,True
344,345,male,single,1,37,False,below_1y,unskilled_resident,True
345,346,female,divorced_or_married,2,43,False,below_4y,unskilled_resident,True
346,347,male,single,4,23,False,below_1y,skilled_official,True
347,348,female,divorced_or_married,4,23,False,unemployed,unemployed_non_resident,True
348,349,male,single,2,34,False,below_4y,unskilled_resident,True
349,350,male,single,3,32,False,above_7y,skilled_official,True
350,351,female,divorced_or_married,4,23,True,below_1y,skilled_official,True
351,352,female,divorced_or_married,2,29,False,below_4y,skilled_official,False
352,353,male,single,4,38,True,unemployed,management_or_self_emp,True
353,354,male,single,2,28,True,below_4y,skilled_official,True
354,355,male,single,4,46,True,above_7y,skilled_official,True
355,356,male,single,2,23,False,below_1y,unskilled_resident,True
356,357,male,single,4,49,True,above_7y,skilled_official,True
357,358,male,single,2,26,True,below_4y,management_or_self_emp,True
358,359,male,married_or_widowed,2,28,False,below_4y,skilled_official,True
359,360,female,divorced_or_married,4,23,False,below_7y,skilled_official,True
360,361,male,single,4,61,False,below_4y,skilled_official,True
361,362,male,single,3,37,False,above_7y,management_or_self_emp,True
362,363,female,divorced_or_married,2,36,True,below_4y,skilled_official,True
363,364,male,married_or_widowed,2,21,False,below_4y,skilled_official,True
364,365,male,single,1,25,False,unemployed,unemployed_non_resident,True
365,366,male,single,4,36,True,below_7y,skilled_official,True
366,367,male,single,1,27,False,below_7y,skilled_official,True
367,368,female,divorced_or_married,4,22,False,below_1y,skilled_official,True
368,369,male,single,2,42,False,above_7y,skilled_official,True
369,370,female,divorced_or_married,4,40,False,below_7y,skilled_official,True
370,371,male,single,4,36,False,below_4y,skilled_official,True
371,372,male,single,4,33,True,above_7y,skilled_official,True
372,373,female,divorced_or_married,3,23,False,below_1y,skilled_official,True
373,374,male,single,4,63,True,above_7y,management_or_self_emp,True
374,375,female,divorced_or_married,4,60,True,above_7y,management_or_self_emp,True
375,376,female,divorced_or_married,4,37,False,below_7y,skilled_official,True
376,377,male,married_or_widowed,3,34,False,unemployed,skilled_official,True
377,378,male,single,4,36,False,above_7y,skilled_official,True
378,379,male,single,2,57,True,above_7y,management_or_self_emp,True
379,380,female,divorced_or_married,4,52,False,below_4y,unskilled_resident,True
380,381,male,single,4,39,True,below_7y,skilled_official,True
381,382,female,divorced_or_married,4,38,True,unemployed,management_or_self_emp,True
382,383,female,divorced_or_married,4,25,False,below_7y,skilled_official,True
383,384,male,single,1,26,False,below_1y,skilled_official,True
384,385,male,single,2,26,False,below_4y,unskilled_resident,True
385,386,female,divorced_or_married,1,25,False,below_4y,skilled_official,True
386,387,female,divorced_or_married,2,21,True,below_1y,skilled_official,True
387,388,male,single,4,40,True,unemployed,management_or_self_emp,True
388,389,male,single,4,27,False,below_4y,skilled_official,True
389,390,female,divorced_or_married,2,27,False,below_7y,skilled_official,True
390,391,male,married_or_widowed,2,30,True,below_4y,management_or_self_emp,True
391,392,female,divorced_or_married,4,19,False,below_1y,unskilled_resident,True
392,393,male,single,4,39,True,below_7y,management_or_self_emp,True
393,394,female,divorced_or_married,4,31,False,below_7y,skilled_official,True
394,395,male,single,3,31,False,unemployed,management_or_self_emp,True
395,396,male,single,3,32,True,below_7y,skilled_official,True
396,397,female,divorced_or_married,4,55,False,unemployed,management_or_self_emp,True
397,398,male,married_or_widowed,2,46,True,below_4y,skilled_official,True
398,399,male,divorced,1,46,False,above_7y,skilled_official,True
399,400,female,divorced_or_married,1,43,False,below_4y,unskilled_resident,True
400,401,male,married_or_widowed,4,39,True,below_1y,skilled_official,True
401,402,male,married_or_widowed,4,28,False,below_4y,skilled_official,True
402,403,male,single,2,27,True,below_1y,skilled_official,True
403,404,male,single,2,27,False,below_4y,unskilled_resident,True
404,405,male,single,4,43,False,above_7y,skilled_official,True
405,406,male,married_or_widowed,1,22,True,below_1y,skilled_official,True
406,407,male,single,4,43,True,below_7y,skilled_official,True
407,408,male,married_or_widowed,2,27,False,below_1y,skilled_official,False
408,409,male,divorced,2,26,True,above_7y,management_or_self_emp,True
409,410,male,married_or_widowed,2,28,True,below_7y,skilled_official,True
410,411,female,divorced_or_married,4,20,True,above_7y,skilled_official,True
411,412,male,single,2,35,True,below_7y,management_or_self_emp,True
412,413,male,single,2,42,True,unemployed,management_or_self_emp,True
413,414,male,single,2,40,False,below_4y,unskilled_resident,False
414,415,female,divorced_or_married,2,35,False,below_4y,skilled_official,True
415,416,male,single,2,35,True,above_7y,skilled_official,True
416,417,male,single,1,33,False,below_1y,unskilled_resident,True
417,418,female,divorced_or_married,2,23,True,below_4y,skilled_official,True
418,419,female,divorced_or_married,2,31,False,below_7y,management_or_self_emp,True
419,420,female,divorced_or_married,2,33,False,below_4y,skilled_official,True
420,421,female,divorced_or_married,3,20,False,below_7y,skilled_official,True
421,422,male,single,2,30,False,below_4y,skilled_official,True
422,423,male,single,3,47,False,below_7y,unskilled_resident,True
423,424,male,single,3,34,False,below_7y,management_or_self_emp,True
424,425,female,divorced_or_married,2,25,True,above_7y,skilled_official,True
425,426,male,married_or_widowed,3,21,True,below_4y,skilled_official,True
426,427,male,single,2,29,False,above_7y,skilled_official,True
427,428,male,single,3,46,False,below_4y,skilled_official,True
428,429,male,single,4,20,False,above_7y,skilled_official,True
429,430,female,divorced_or_married,4,55,False,unemployed,unemployed_non_resident,True
430,431,male,single,4,74,False,below_7y,unskilled_resident,True
431,432,male,single,3,29,True,below_4y,management_or_self_emp,True
432,433,male,single,4,36,True,unemployed,management_or_self_emp,True
433,434,male,divorced,2,33,True,below_4y,skilled_official,True
434,435,male,single,2,25,False,below_4y,skilled_official,True
435,436,male,married_or_widowed,1,25,True,below_4y,skilled_official,True
436,437,male,married_or_widowed,4,23,False,below_7y,unskilled_resident,True
437,438,female,divorced_or_married,4,37,True,above_7y,skilled_official,True
438,439,male,single,4,65,False,unemployed,unemployed_non_resident,True
439,440,female,divorced_or_married,1,26,False,below_1y,unemployed_non_resident,True
440,441,male,single,4,39,True,above_7y,management_or_self_emp,True
441,442,female,divorced_or_married,3,30,False,below_4y,skilled_official,True
442,443,male,single,3,29,True,below_4y,skilled_official,True
443,444,male,single,4,41,False,above_7y,unskilled_resident,True
444,445,female,divorced_or_married,3,30,True,below_4y,management_or_self_emp,True
445,446,female,divorced_or_married,4,41,False,above_7y,unskilled_resident,True
446,447,female,divorced_or_married,4,34,True,below_1y,skilled_official,True
447,448,male,single,2,35,False,below_4y,skilled_official,True
448,449,female,divorced_or_married,4,55,True,above_7y,management_or_self_emp,True
449,450,male,married_or_widowed,3,61,False,below_4y,skilled_official,True
450,451,male,single,2,30,True,below_4y,management_or_self_emp,True
451,452,female,divorced_or_married,1,29,False,below_4y,skilled_official,True
452,453,male,single,4,34,False,above_7y,skilled_official,True
453,454,male,single,4,35,True,above_7y,management_or_self_emp,True
454,455,male,single,3,31,True,below_7y,skilled_official,True
455,456,female,divorced_or_married,1,29,True,below_1y,management_or_self_emp,True
456,457,male,single,2,36,False,below_4y,skilled_official,True
457,458,male,single,4,35,True,above_7y,skilled_official,True
458,459,female,divorced_or_married,1,27,False,below_1y,skilled_official,True
459,460,male,single,2,32,True,below_1y,skilled_official,True
460,461,male,single,2,37,False,below_4y,skilled_official,True
461,462,male,single,3,36,False,below_1y,skilled_official,True
462,463,female,divorced_or_married,1,34,False,below_1y,management_or_self_emp,True
463,464,male,single,4,38,False,above_7y,skilled_official,True
464,465,male,single,1,34,True,below_7y,skilled_official,True
465,466,male,single,4,63,True,below_4y,skilled_official,True
466,467,female,divorced_or_married,2,29,True,below_1y,unskilled_resident,True
467,468,male,single,3,32,False,above_7y,skilled_official,True
468,469,female,divorced_or_married,2,26,True,below_4y,skilled_official,True
469,470,male,single,3,35,True,below_7y,unskilled_resident,True
470,471,male,married_or_widowed,2,22,True,below_1y,skilled_official,True
471,472,female,divorced_or_married,4,23,False,below_1y,skilled_official,True
472,473,male,single,3,28,False,below_4y,unskilled_resident,True
473,474,male,single,4,36,True,unemployed,management_or_self_emp,True
474,475,male,married_or_widowed,2,33,False,below_4y,skilled_official,True
475,476,female,divorced_or_married,4,26,False,below_1y,skilled_official,True
476,477,male,single,4,24,False,below_4y,skilled_official,True
477,478,male,single,2,25,False,below_7y,skilled_official,True
478,479,male,single,4,39,False,below_7y,unskilled_resident,True
479,480,male,single,4,44,True,above_7y,skilled_official,True
480,481,female,divorced_or_married,1,23,False,below_4y,unskilled_resident,True
481,482,male,single,1,26,False,below_1y,skilled_official,True
482,483,female,divorced_or_married,4,57,True,above_7y,skilled_official,True
483,484,female,divorced_or_married,2,30,False,below_7y,skilled_official,True
484,485,male,single,4,44,True,below_4y,skilled_official,True
485,486,male,single,4,47,True,unemployed,management_or_self_emp,True
486,487,male,single,4,52,True,below_4y,skilled_official,True
487,488,female,divorced_or_married,4,62,True,above_7y,skilled_official,True
488,489,male,single,2,35,False,below_4y,unskilled_resident,False
489,490,male,single,3,26,False,below_4y,skilled_official,True
490,491,male,single,2,26,False,above_7y,skilled_official,True
491,492,female,divorced_or_married,4,42,True,above_7y,management_or_self_emp,True
492,493,female,divorced_or_married,1,27,False,below_4y,skilled_official,True
493,494,male,single,4,38,False,above_7y,skilled_official,True
494,495,male,single,2,39,False,below_4y,unskilled_resident,False
495,496,male,married_or_widowed,4,20,False,below_4y,skilled_official,True
496,497,male,single,1,29,True,below_1y,management_or_self_emp,True
497,498,male,single,3,40,False,below_7y,skilled_official,True
498,499,male,married_or_widowed,2,32,False,above_7y,unskilled_resident,True
499,500,male,divorced,4,28,True,above_7y,skilled_official,True
500,501,female,divorced_or_married,1,27,False,below_1y,skilled_official,True
501,502,male,single,4,42,False,above_7y,skilled_official,True
502,503,male,divorced,4,49,False,above_7y,skilled_official,True
503,504,male,single,4,38,False,below_1y,skilled_official,True
504,505,female,divorced_or_married,4,24,False,below_1y,skilled_official,True
505,506,male,single,4,27,False,below_4y,unskilled_resident,True
506,507,male,single,2,36,True,below_4y,skilled_official,True
507,508,male,single,2,34,True,unemployed,management_or_self_emp,True
508,509,male,married_or_widowed,2,28,False,below_4y,skilled_official,True
509,510,male,single,2,45,True,above_7y,management_or_self_emp,True
510,511,male,single,2,26,False,below_7y,skilled_official,True
511,512,male,single,2,32,True,below_4y,management_or_self_emp,True
512,513,male,single,4,26,True,below_7y,skilled_official,True
513,514,male,married_or_widowed,4,20,False,below_4y,skilled_official,True
514,515,male,single,1,54,False,below_1y,skilled_official,True
515,516,female,divorced_or_married,3,37,False,below_7y,skilled_official,False
516,517,male,single,4,40,False,below_1y,unskilled_resident,False
517,518,female,divorced_or_married,4,23,True,below_1y,skilled_official,True
518,519,male,single,2,43,True,above_7y,skilled_official,True
519,520,male,single,4,36,False,above_7y,skilled_official,True
520,521,male,single,4,44,False,above_7y,skilled_official,True
521,522,female,divorced_or_married,2,24,False,below_4y,skilled_official,True
522,523,male,single,4,53,False,below_4y,skilled_official,True
523,524,female,divorced_or_married,4,23,False,below_7y,skilled_official,True
524,525,female,divorced_or_married,4,26,False,below_4y,unskilled_resident,True
525,526,male,single,3,30,False,below_1y,skilled_official,True
526,527,female,divorced_or_married,3,31,False,below_4y,skilled_official,True
527,528,male,single,1,42,False,below_7y,unskilled_resident,True
528,529,male,divorced,4,31,False,below_4y,skilled_official,True
529,530,male,single,4,41,True,below_1y,unskilled_resident,True
530,531,male,single,1,32,False,below_7y,skilled_official,True
531,532,female,divorced_or_married,4,28,True,below_4y,skilled_official,True
532,533,male,married_or_widowed,4,41,False,below_4y,skilled_official,True
533,534,male,married_or_widowed,3,26,True,below_7y,skilled_official,True
534,535,male,single,2,25,False,below_1y,skilled_official,True
535,536,male,divorced,1,33,False,below_1y,skilled_official,True
536,537,female,divorced_or_married,3,75,True,unemployed,management_or_self_emp,True
537,538,female,divorced_or_married,4,37,True,above_7y,skilled_official,True
538,539,male,single,4,42,False,above_7y,management_or_self_emp,True
539,540,female,divorced_or_married,1,45,False,below_1y,unskilled_resident,True
540,541,male,married_or_widowed,1,23,False,below_1y,skilled_official,True
541,542,male,single,4,60,True,above_7y,skilled_official,True
542,543,male,single,4,31,False,above_7y,skilled_official,True
543,544,male,single,1,34,False,below_4y,unskilled_resident,True
544,545,male,single,4,61,False,above_7y,unskilled_resident,True
545,546,male,single,2,43,False,unemployed,skilled_official,True
546,547,female,divorced_or_married,4,37,True,below_4y,skilled_official,True
547,548,male,single,1,32,False,below_7y,skilled_official,True
548,549,female,divorced_or_married,4,24,False,below_4y,unskilled_resident,True
549,550,male,single,1,35,True,below_7y,skilled_official,True
550,551,female,divorced_or_married,4,23,False,below_7y,skilled_official,True
551,552,male,single,4,45,False,above_7y,unskilled_resident,True
552,553,male,married_or_widowed,1,34,True,below_7y,skilled_official,True
553,554,male,single,1,27,False,below_1y,skilled_official,True
554,555,female,divorced_or_married,4,67,True,below_7y,management_or_self_emp,True
555,556,male,single,1,22,False,below_1y,skilled_official,True
556,557,female,divorced_or_married,3,28,False,below_1y,skilled_official,True
557,558,female,divorced_or_married,4,29,True,below_4y,skilled_official,True
558,559,male,single,4,27,False,below_7y,skilled_official,True
559,560,male,single,2,31,False,below_1y,unskilled_resident,True
560,561,male,single,4,49,True,above_7y,skilled_official,True
561,562,male,single,4,24,False,below_7y,unskilled_resident,True
562,563,female,divorced_or_married,1,29,False,below_1y,skilled_official,True
563,564,male,single,4,37,True,below_4y,skilled_official,True
564,565,male,single,2,37,True,below_4y,management_or_self_emp,True
565,566,female,divorced_or_married,2,23,True,below_7y,skilled_official,True
566,567,male,divorced,3,36,False,below_7y,skilled_official,True
567,568,male,single,2,34,False,above_7y,skilled_official,True
568,569,male,single,1,41,True,below_7y,skilled_official,True
569,570,female,divorced_or_married,2,31,True,below_4y,skilled_official,True
570,571,female,divorced_or_married,4,23,True,below_1y,unskilled_resident,True
571,572,male,single,2,38,False,below_7y,skilled_official,True
572,573,female,divorced_or_married,4,26,True,unemployed,management_or_self_emp,True
573,574,female,divorced_or_married,4,22,False,below_4y,unskilled_resident,True
574,575,male,single,4,27,False,above_7y,unskilled_resident,True
575,576,female,divorced_or_married,3,24,False,below_7y,skilled_official,True
576,577,female,divorced_or_married,1,27,False,below_7y,skilled_official,True
577,578,female,divorced_or_married,2,33,True,below_4y,skilled_official,True
578,579,male,divorced,4,27,False,below_1y,skilled_official,True
579,580,male,married_or_widowed,3,27,False,below_1y,unskilled_resident,True
580,581,male,single,3,30,False,above_7y,skilled_official,True
581,582,male,single,3,49,False,below_1y,unskilled_resident,True
582,583,female,divorced_or_married,2,26,False,below_4y,skilled_official,True
583,584,male,single,1,33,False,below_1y,unskilled_resident,True
584,585,female,divorced_or_married,4,52,True,above_7y,management_or_self_emp,True
585,586,female,divorced_or_married,4,20,False,below_4y,skilled_official,True
586,587,male,single,2,36,False,below_4y,skilled_official,True
587,588,male,single,1,21,False,below_4y,unskilled_resident,True
588,589,male,married_or_widowed,3,47,True,below_4y,unskilled_resident,True
589,590,male,single,3,60,False,above_7y,skilled_official,True
590,591,female,divorced_or_married,3,58,True,below_7y,unskilled_resident,True
591,592,female,divorced_or_married,4,42,True,below_4y,skilled_official,True
592,593,female,divorced_or_married,4,36,False,above_7y,unskilled_resident,True
593,594,female,divorced_or_married,4,20,True,below_4y,unskilled_resident,True
594,595,male,single,3,40,True,above_7y,management_or_self_emp,True
595,596,female,divorced_or_married,1,32,False,below_1y,unskilled_resident,True
596,597,female,divorced_or_married,4,23,False,below_7y,skilled_official,True
597,598,male,single,4,36,True,below_4y,unskilled_resident,True
598,599,male,single,2,31,False,below_7y,skilled_official,True
599,600,male,single,2,32,False,below_4y,skilled_official,True
600,601,female,divorced_or_married,1,45,False,below_1y,skilled_official,True
601,602,female,divorced_or_married,1,30,False,below_4y,skilled_official,True
602,603,female,divorced_or_married,4,34,False,below_7y,unskilled_resident,True
603,604,female,divorced_or_married,2,28,True,below_4y,management_or_self_emp,True
604,605,female,divorced_or_married,2,23,False,below_1y,skilled_official,True
605,606,male,single,4,22,True,below_4y,skilled_official,True
606,607,male,single,2,74,True,below_4y,management_or_self_emp,True
607,608,female,divorced_or_married,4,50,False,below_4y,skilled_official,True
608,609,male,single,1,33,False,below_1y,skilled_official,True
609,610,male,single,4,45,False,above_7y,skilled_official,True
610,611,female,divorced_or_married,3,22,False,unemployed,skilled_official,True
611,612,female,divorced_or_married,4,48,False,above_7y,unskilled_resident,True
612,613,female,divorced_or_married,2,29,False,below_1y,skilled_official,True
613,614,female,divorced_or_married,4,22,False,below_4y,skilled_official,False
614,615,female,divorced_or_married,1,22,False,below_7y,skilled_official,True
615,616,male,single,2,48,True,below_4y,management_or_self_emp,True
616,617,male,single,2,27,False,below_4y,management_or_self_emp,True
617,618,male,single,3,37,False,below_4y,skilled_official,True
618,619,female,divorced_or_married,4,21,False,below_4y,skilled_official,True
619,620,male,divorced,2,49,False,below_4y,unskilled_resident,True
620,621,male,single,3,27,False,below_7y,skilled_official,True
621,622,male,single,2,32,False,below_4y,skilled_official,True
622,623,male,divorced,2,38,False,below_4y,skilled_official,True
623,624,female,divorced_or_married,1,22,False,below_1y,skilled_official,True
624,625,male,single,4,65,False,below_4y,skilled_official,True
625,626,male,single,2,35,False,above_7y,skilled_official,True
626,627,male,single,2,41,True,below_4y,skilled_official,True
627,628,male,single,3,29,False,below_7y,skilled_official,True
628,629,male,single,4,36,True,below_4y,skilled_official,True
629,630,male,single,4,64,False,above_7y,unskilled_resident,True
630,631,female,divorced_or_married,4,28,False,below_4y,skilled_official,True
631,632,male,single,3,44,False,below_4y,skilled_official,True
632,633,male,single,1,23,False,below_1y,skilled_official,True
633,634,female,divorced_or_married,2,19,False,below_1y,skilled_official,True
634,635,female,divorced_or_married,4,25,True,below_1y,unskilled_resident,True
635,636,male,single,4,47,True,above_7y,skilled_official,True
636,637,female,divorced_or_married,1,28,False,below_7y,skilled_official,True
637,638,male,single,4,21,True,below_7y,skilled_official,True
638,639,female,divorced_or_married,3,34,False,below_1y,skilled_official,True
639,640,male,single,2,26,True,below_7y,skilled_official,True
640,641,female,divorced_or_married,1,27,False,unemployed,unemployed_non_resident,True
641,642,male,single,4,38,False,above_7y,unskilled_resident,True
642,643,male,single,2,40,True,below_4y,management_or_self_emp,True
643,644,male,married_or_widowed,2,33,True,below_7y,skilled_official,True
644,645,male,married_or_widowed,1,32,True,below_7y,management_or_self_emp,True
645,646,male,single,4,27,True,below_1y,skilled_official,True
646,647,male,divorced,2,32,False,below_4y,skilled_official,True
647,648,female,divorced_or_married,2,26,False,below_4y,skilled_official,True
648,649,male,single,3,38,False,below_7y,skilled_official,True
649,650,male,single,4,40,False,below_4y,unskilled_resident,True
650,651,male,single,1,50,True,below_7y,management_or_self_emp,True
651,652,male,single,2,37,False,below_4y,unskilled_resident,True
652,653,male,single,1,45,False,above_7y,skilled_official,True
653,654,male,single,4,42,True,above_7y,management_or_self_emp,True
654,655,male,single,3,35,True,below_7y,skilled_official,True
655,656,male,single,4,22,False,unemployed,skilled_official,True
656,657,male,single,4,41,False,above_7y,unskilled_resident,True
657,658,male,single,3,37,True,below_7y,skilled_official,True
658,659,female,divorced_or_married,1,28,False,below_4y,skilled_official,True
659,660,male,single,1,41,True,above_7y,skilled_official,True
660,661,male,married_or_widowed,4,23,False,below_4y,skilled_official,True
661,662,male,married_or_widowed,2,23,False,below_4y,skilled_official,True
662,663,male,single,2,50,False,above_7y,skilled_official,True
663,664,male,single,1,35,True,unemployed,management_or_self_emp,True
664,665,female,divorced_or_married,4,50,False,below_4y,unskilled_resident,True
665,666,male,single,2,27,True,unemployed,management_or_self_emp,True
666,667,male,single,2,34,True,below_4y,skilled_official,True
667,668,female,divorced_or_married,1,27,False,below_4y,skilled_official,True
668,669,male,single,4,43,True,above_7y,skilled_official,True
669,670,male,single,4,47,False,above_7y,skilled_official,True
670,671,male,single,3,27,True,below_4y,unskilled_resident,True
671,672,male,single,2,31,True,below_7y,skilled_official,True
672,673,male,single,4,42,True,above_7y,management_or_self_emp,True
673,674,male,married_or_widowed,2,24,False,below_4y,skilled_official,True
674,675,male,single,2,41,False,below_1y,unskilled_resident,True
675,676,female,divorced_or_married,4,26,True,below_7y,management_or_self_emp,True
676,677,male,single,4,33,True,above_7y,skilled_official,True
677,678,male,married_or_widowed,2,24,False,below_4y,skilled_official,True
678,679,male,single,4,64,False,above_7y,unskilled_resident,True
679,680,female,divorced_or_married,1,26,False,below_1y,skilled_official,True
680,681,female,divorced_or_married,2,56,False,below_1y,skilled_official,True
681,682,male,single,4,37,True,below_4y,skilled_official,True
682,683,male,married_or_widowed,3,33,False,below_4y,skilled_official,True
683,684,male,married_or_widowed,3,47,True,below_1y,skilled_official,True
684,685,male,single,3,31,True,below_7y,unskilled_resident,True
685,686,male,single,4,34,True,below_4y,skilled_official,True
686,687,male,single,2,27,True,below_7y,skilled_official,True
687,688,male,single,3,30,False,above_7y,skilled_official,True
688,689,male,single,4,35,True,above_7y,skilled_official,True
689,690,male,single,3,31,False,below_4y,skilled_official,True
690,691,male,divorced,3,25,False,below_4y,skilled_official,True
691,692,female,divorced_or_married,2,25,False,below_4y,unskilled_resident,True
692,693,male,single,1,29,False,below_1y,skilled_official,True
693,694,male,single,3,44,False,below_1y,unskilled_resident,True
694,695,male,single,2,28,True,below_7y,skilled_official,True
695,696,male,single,4,50,False,below_4y,skilled_official,True
696,697,male,single,3,29,False,below_7y,skilled_official,False
697,698,female,divorced_or_married,2,38,False,unemployed,unemployed_non_resident,True
698,699,male,single,2,24,False,below_4y,skilled_official,True
699,700,male,single,4,40,True,above_7y,management_or_self_emp,True
700,701,female,divorced_or_married,4,29,False,below_4y,unskilled_resident,True
701,702,male,single,4,46,True,above_7y,skilled_official,True
702,703,female,divorced_or_married,2,47,True,above_7y,skilled_official,True
703,704,male,single,2,41,False,above_7y,skilled_official,True
704,705,female,divorced_or_married,1,32,True,below_1y,skilled_official,True
705,706,female,divorced_or_married,4,35,False,above_7y,skilled_official,True
706,707,male,single,2,24,False,below_7y,skilled_official,True
707,708,female,divorced_or_married,3,25,False,below_1y,skilled_official,True
708,709,female,divorced_or_married,4,25,False,above_7y,skilled_official,True
709,710,male,single,2,37,False,below_4y,unskilled_resident,True
710,711,male,single,3,32,True,above_7y,management_or_self_emp,True
711,712,female,divorced_or_married,4,35,False,above_7y,skilled_official,True
712,713,male,single,4,46,True,above_7y,management_or_self_emp,True
713,714,male,single,4,25,False,below_4y,unskilled_resident,True
714,715,male,single,2,27,True,below_7y,management_or_self_emp,True
715,716,male,single,4,63,False,above_7y,skilled_official,True
716,717,male,single,2,40,True,above_7y,skilled_official,True
717,718,male,single,2,32,True,below_4y,management_or_self_emp,True
718,719,male,single,2,31,True,below_4y,skilled_official,True
719,720,male,married_or_widowed,4,31,True,above_7y,skilled_official,True
720,721,male,single,2,34,True,below_1y,management_or_self_emp,True
721,722,female,divorced_or_married,2,24,False,below_1y,skilled_official,True
722,723,female,divorced_or_married,2,24,False,below_4y,unskilled_resident,True
723,724,female,divorced_or_married,3,66,False,below_4y,unskilled_resident,True
724,725,female,divorced_or_married,3,21,False,below_4y,skilled_official,True
725,726,female,divorced_or_married,2,41,False,below_4y,unskilled_resident,True
726,727,male,married_or_widowed,2,47,False,below_4y,unskilled_resident,True
727,728,female,divorced_or_married,4,25,False,below_4y,skilled_official,True
728,729,female,divorced_or_married,3,59,False,above_7y,skilled_official,True
729,730,male,divorced,4,36,True,below_4y,skilled_official,True
730,731,male,single,2,33,False,below_1y,skilled_official,True
731,732,male,single,4,21,False,below_4y,unskilled_resident,True
732,733,female,divorced_or_married,2,44,False,below_7y,unskilled_resident,True
733,734,female,divorced_or_married,4,28,True,below_4y,skilled_official,True
734,735,female,divorced_or_married,1,37,False,below_7y,skilled_official,True
735,736,female,divorced_or_married,2,29,False,below_1y,unemployed_non_resident,True
736,737,female,divorced_or_married,4,23,False,below_4y,management_or_self_emp,True
737,738,male,single,4,35,True,below_4y,unskilled_resident,True
738,739,male,single,3,45,True,below_7y,management_or_self_emp,True
739,740,female,divorced_or_married,4,26,False,below_4y,unskilled_resident,True
740,741,male,single,3,32,False,below_7y,skilled_official,True
741,742,male,single,4,23,False,below_4y,unskilled_resident,True
742,743,male,single,3,41,True,above_7y,skilled_official,True
743,744,male,single,4,22,True,below_4y,skilled_official,True
744,745,male,single,4,30,True,below_7y,management_or_self_emp,True
745,746,male,single,1,28,False,below_1y,unskilled_resident,True
746,747,female,divorced_or_married,4,23,False,unemployed,skilled_official,True
747,748,female,divorced_or_married,1,37,False,below_1y,unskilled_resident,True
748,749,male,single,3,26,False,below_4y,skilled_official,True
749,750,male,single,2,33,False,below_7y,skilled_official,True
750,751,female,divorced_or_married,1,49,True,above_7y,skilled_official,True
751,752,female,divorced_or_married,2,23,False,below_1y,unskilled_resident,True
752,753,female,divorced_or_married,4,23,False,below_7y,unskilled_resident,True
753,754,female,divorced_or_married,2,25,False,below_7y,skilled_official,True
754,755,male,single,4,55,False,above_7y,skilled_official,True
755,756,female,divorced_or_married,4,32,False,below_7y,skilled_official,True
756,757,male,single,1,74,False,below_4y,unemployed_non_resident,False
757,758,male,single,4,39,True,below_4y,skilled_official,True
758,759,male,single,2,31,True,below_4y,skilled_official,True
759,760,male,single,3,35,False,above_7y,skilled_official,True
760,761,female,divorced_or_married,4,59,True,above_7y,skilled_official,True
761,762,female,divorced_or_married,4,24,False,below_4y,skilled_official,True
762,763,male,single,3,24,False,below_4y,unskilled_resident,True
763,764,male,single,4,30,True,above_7y,management_or_self_emp,True
764,765,male,married_or_widowed,3,27,True,below_7y,skilled_official,True
765,766,male,married_or_widowed,3,40,False,above_7y,unskilled_resident,True
766,767,male,divorced,4,31,False,below_1y,unskilled_resident,True
767,768,female,divorced_or_married,4,31,False,below_1y,skilled_official,True
768,769,male,single,4,28,True,above_7y,skilled_official,True
769,770,male,single,4,63,True,above_7y,unskilled_resident,True
770,771,female,divorced_or_married,4,26,False,above_7y,skilled_official,True
771,772,female,divorced_or_married,2,25,True,below_4y,management_or_self_emp,True
772,773,male,single,4,36,True,above_7y,management_or_self_emp,True
773,774,male,single,4,52,False,above_7y,skilled_official,True
774,775,male,single,4,66,False,unemployed,unemployed_non_resident,True
775,776,female,divorced_or_married,4,25,False,below_4y,skilled_official,True
776,777,male,single,4,37,True,below_7y,skilled_official,True
777,778,female,divorced_or_married,1,25,False,below_7y,skilled_official,True
778,779,male,single,2,38,True,above_7y,management_or_self_emp,True
779,780,female,divorced_or_married,4,67,True,unemployed,skilled_official,True
780,781,male,single,2,25,False,below_7y,skilled_official,True
781,782,male,single,4,60,True,above_7y,skilled_official,True
782,783,male,single,2,31,True,below_4y,unskilled_resident,True
783,784,female,divorced_or_married,2,23,False,below_1y,unskilled_resident,True
784,785,male,divorced,4,60,True,unemployed,management_or_self_emp,True
785,786,male,single,2,35,True,below_4y,unskilled_resident,True
786,787,male,single,4,40,False,above_7y,skilled_official,True
787,788,male,single,3,38,True,above_7y,skilled_official,True
788,789,male,single,4,50,False,above_7y,skilled_official,True
789,790,male,single,3,27,True,below_4y,skilled_official,True
790,791,female,divorced_or_married,4,39,False,above_7y,skilled_official,True
791,792,male,single,4,41,True,above_7y,management_or_self_emp,True
792,793,male,married_or_widowed,2,27,False,below_4y,skilled_official,True
793,794,male,divorced,4,51,False,above_7y,skilled_official,True
794,795,male,single,3,32,True,above_7y,skilled_official,True
795,796,female,divorced_or_married,4,22,False,below_1y,skilled_official,True
796,797,male,single,4,51,True,above_7y,skilled_official,True
797,798,female,divorced_or_married,4,22,False,below_1y,unskilled_resident,True
798,799,male,married_or_widowed,4,54,True,above_7y,skilled_official,True
799,800,male,single,2,35,False,below_1y,unemployed_non_resident,True
800,801,male,single,4,54,False,above_7y,skilled_official,True
801,802,female,divorced_or_married,4,48,True,above_7y,unskilled_resident,True
802,803,female,divorced_or_married,4,24,False,above_7y,skilled_official,True
803,804,male,single,4,35,False,above_7y,skilled_official,True
804,805,female,divorced_or_married,2,24,False,unemployed,unemployed_non_resident,True
805,806,male,single,1,24,True,below_7y,skilled_official,True
806,807,male,married_or_widowed,3,26,False,below_1y,unskilled_resident,False
807,808,male,single,4,65,False,above_7y,skilled_official,True
808,809,male,single,2,55,True,unemployed,management_or_self_emp,True
809,810,female,divorced_or_married,1,26,False,below_1y,unemployed_non_resident,True
810,811,male,married_or_widowed,2,26,True,below_1y,skilled_official,True
811,812,male,married_or_widowed,3,28,False,below_7y,unskilled_resident,True
812,813,male,single,4,24,True,below_7y,skilled_official,True
813,814,male,single,4,54,False,below_4y,skilled_official,True
814,815,male,single,4,46,False,below_7y,skilled_official,True
815,816,female,divorced_or_married,2,54,False,below_4y,skilled_official,True
816,817,male,divorced,4,62,False,below_4y,skilled_official,True
817,818,female,divorced_or_married,2,24,True,below_7y,skilled_official,True
818,819,male,divorced,3,43,False,unemployed,management_or_self_emp,True
819,820,male,married_or_widowed,3,26,False,below_4y,skilled_official,True
820,821,male,married_or_widowed,2,27,True,below_4y,skilled_official,True
821,822,male,married_or_widowed,1,24,False,below_4y,skilled_official,True
822,823,male,single,2,41,False,above_7y,skilled_official,True
823,824,male,single,4,47,False,above_7y,unskilled_resident,True
824,825,male,divorced,2,35,True,below_1y,management_or_self_emp,True
825,826,male,married_or_widowed,3,30,True,above_7y,skilled_official,True
826,827,female,divorced_or_married,4,33,True,above_7y,skilled_official,True
827,828,male,single,2,36,False,below_4y,skilled_official,True
828,829,male,single,4,47,False,above_7y,skilled_official,True
829,830,male,single,4,38,True,below_4y,skilled_official,True
830,831,male,single,2,44,True,below_4y,skilled_official,True
831,832,female,divorced_or_married,3,23,True,below_1y,skilled_official,True
832,833,male,single,4,29,False,above_7y,skilled_official,True
833,834,female,divorced_or_married,4,42,True,above_7y,skilled_official,True
834,835,female,divorced_or_married,3,25,False,below_1y,unskilled_resident,True
835,836,male,single,4,48,False,below_4y,skilled_official,True
836,837,female,divorced_or_married,2,21,False,below_4y,skilled_official,True
837,838,female,divorced_or_married,3,23,False,below_1y,unskilled_resident,True
838,839,male,single,4,63,True,above_7y,skilled_official,True
839,840,male,married_or_widowed,3,46,False,above_7y,skilled_official,True
840,841,male,single,2,29,False,below_7y,skilled_official,True
841,842,male,single,2,28,False,below_4y,unskilled_resident,True
842,843,female,divorced_or_married,4,23,False,below_1y,skilled_official,True
843,844,male,single,4,50,True,below_7y,skilled_official,True
844,845,male,single,4,47,True,above_7y,skilled_official,True
845,846,male,single,3,35,True,below_7y,skilled_official,True
846,847,male,single,4,68,False,below_4y,skilled_official,True
847,848,male,married_or_widowed,2,28,False,below_1y,skilled_official,True
848,849,male,single,4,59,False,below_7y,skilled_official,True
849,850,male,single,4,57,False,above_7y,unskilled_resident,True
850,851,male,married_or_widowed,2,33,False,below_4y,skilled_official,False
851,852,male,single,4,43,True,below_7y,skilled_official,True
852,853,male,single,4,35,True,below_4y,skilled_official,True
853,854,male,single,4,32,False,below_7y,unskilled_resident,True
854,855,male,single,2,45,True,above_7y,skilled_official,True
855,856,male,married_or_widowed,3,33,True,below_1y,skilled_official,True
856,857,female,divorced_or_married,3,40,True,below_7y,skilled_official,True
857,858,male,single,2,28,True,below_4y,skilled_official,True
858,859,female,divorced_or_married,2,29,True,below_4y,skilled_official,True
859,860,male,single,2,26,False,below_4y,skilled_official,False
860,861,male,single,2,27,False,below_4y,skilled_official,True
861,862,male,married_or_widowed,2,28,True,below_4y,skilled_official,True
862,863,female,divorced_or_married,4,35,True,below_1y,skilled_official,True
863,864,male,single,2,32,True,below_1y,unskilled_resident,True
864,865,male,single,2,25,False,below_4y,unskilled_resident,True
865,866,female,divorced_or_married,4,20,False,below_4y,skilled_official,True
866,867,female,divorced_or_married,1,27,False,below_1y,skilled_official,True
867,868,male,single,4,42,False,above_7y,skilled_official,True
868,869,male,single,2,37,False,above_7y,skilled_official,True
869,870,female,divorced_or_married,4,24,False,above_7y,skilled_official,True
870,871,female,divorced_or_married,4,40,True,below_7y,skilled_official,True
871,872,male,single,4,46,False,above_7y,skilled_official,False
872,873,male,single,1,26,True,below_7y,skilled_official,True
873,874,female,divorced_or_married,1,24,False,below_1y,skilled_official,True
874,875,male,single,2,29,False,below_4y,unskilled_resident,True
875,876,female,divorced_or_married,4,40,False,below_4y,skilled_official,True
876,877,male,single,4,36,True,below_1y,management_or_self_emp,True
877,878,male,single,2,28,False,above_7y,skilled_official,True
878,879,male,single,2,27,True,below_1y,management_or_self_emp,True
879,880,male,single,3,36,False,below_7y,skilled_official,True
880,881,male,single,3,38,True,below_7y,management_or_self_emp,True
881,882,male,divorced,4,48,True,below_4y,skilled_official,True
882,883,male,single,4,36,False,above_7y,skilled_official,True
883,884,female,divorced_or_married,4,65,False,unemployed,unemployed_non_resident,True
884,885,male,divorced,3,43,True,below_7y,skilled_official,True
885,886,female,divorced_or_married,4,53,False,below_1y,skilled_official,True
886,887,male,single,3,34,True,below_7y,skilled_official,True
887,888,male,single,2,23,True,below_4y,skilled_official,True
888,889,male,single,4,34,True,above_7y,management_or_self_emp,True
889,890,male,single,4,40,True,below_1y,skilled_official,True
890,891,male,single,4,43,True,above_7y,management_or_self_emp,True
891,892,male,single,4,46,True,above_7y,skilled_official,True
892,893,male,single,4,38,False,below_4y,unskilled_resident,False
893,894,male,single,4,34,True,below_4y,skilled_official,True
894,895,male,single,3,29,True,below_4y,skilled_official,True
895,896,male,single,2,31,True,below_7y,management_or_self_emp,True
896,897,female,divorced_or_married,4,28,True,below_1y,management_or_self_emp,True
897,898,female,divorced_or_married,2,35,False,below_7y,skilled_official,False
898,899,female,divorced_or_married,4,33,False,below_7y,unskilled_resident,True
899,900,male,single,3,42,False,below_4y,skilled_official,True
900,901,male,single,4,43,True,above_7y,skilled_official,True
901,902,male,divorced,4,44,True,below_1y,skilled_official,True
902,903,male,single,4,42,False,above_7y,skilled_official,True
903,904,male,married_or_widowed,2,40,True,below_4y,skilled_official,True
904,905,male,single,1,36,True,above_7y,management_or_self_emp,True
905,906,male,single,2,20,True,below_4y,management_or_self_emp,True
906,907,male,single,2,24,False,below_7y,unskilled_resident,False
907,908,male,married_or_widowed,2,27,False,below_4y,skilled_official,True
908,909,female,divorced_or_married,2,46,False,below_1y,unskilled_resident,True
909,910,female,divorced_or_married,2,33,False,below_4y,unskilled_resident,True
910,911,female,divorced_or_married,4,34,False,below_4y,skilled_official,True
911,912,female,divorced_or_married,4,25,False,below_1y,unskilled_resident,True
912,913,female,divorced_or_married,4,25,False,above_7y,skilled_official,True
913,914,male,divorced,2,28,True,above_7y,skilled_official,True
914,915,male,single,2,31,True,below_4y,skilled_official,True
915,916,female,divorced_or_married,2,32,True,below_4y,management_or_self_emp,False
916,917,male,single,2,32,False,below_4y,skilled_official,True
917,918,male,single,4,68,True,above_7y,management_or_self_emp,True
918,919,male,divorced,1,33,False,unemployed,skilled_official,True
919,920,male,single,2,39,True,above_7y,management_or_self_emp,True
920,921,female,divorced_or_married,2,28,False,below_4y,skilled_official,True
921,922,male,single,1,37,True,below_7y,management_or_self_emp,True
922,923,female,divorced_or_married,4,22,False,below_1y,skilled_official,True
923,924,male,single,4,30,True,below_7y,skilled_official,True
924,925,male,divorced,1,55,True,below_1y,skilled_official,True
925,926,male,single,2,46,True,below_1y,skilled_official,True
926,927,female,divorced_or_married,4,21,False,below_1y,skilled_official,True
927,928,male,single,4,39,True,below_7y,skilled_official,True
928,929,male,single,4,58,True,above_7y,skilled_official,True
929,930,male,single,2,43,False,below_4y,unskilled_resident,True
930,931,male,single,1,24,False,below_1y,unskilled_resident,False
931,932,female,divorced_or_married,2,22,True,below_1y,skilled_official,True
932,933,male,single,1,30,False,below_4y,skilled_official,True
933,934,male,single,4,42,True,above_7y,skilled_official,True
934,935,female,divorced_or_married,1,23,False,below_4y,skilled_official,True
935,936,male,single,3,30,False,below_1y,management_or_self_emp,True
936,937,female,divorced_or_married,2,28,False,below_4y,unskilled_resident,True
937,938,male,married_or_widowed,3,30,True,below_1y,management_or_self_emp,True
938,939,male,single,4,42,False,below_4y,skilled_official,True
939,940,male,single,4,46,True,below_4y,management_or_self_emp,True
940,941,male,single,3,45,True,below_1y,management_or_self_emp,True
941,942,male,single,2,31,False,below_4y,unskilled_resident,False
942,943,male,single,2,31,True,below_7y,skilled_official,True
943,944,male,single,1,42,False,below_7y,unskilled_resident,True
944,945,female,divorced_or_married,1,46,False,below_1y,skilled_official,True
945,946,female,divorced_or_married,1,30,False,below_1y,skilled_official,True
946,947,male,single,4,30,True,below_1y,skilled_official,True
947,948,male,single,4,38,True,unemployed,management_or_self_emp,True
948,949,male,married_or_widowed,1,43,False,below_1y,unskilled_resident,True
949,950,male,single,4,31,False,above_7y,skilled_official,True
950,951,male,married_or_widowed,3,40,True,unemployed,unemployed_non_resident,True
951,952,male,single,1,24,True,below_7y,skilled_official,True
952,953,female,divorced_or_married,4,28,False,below_1y,skilled_official,True
953,954,female,divorced_or_married,2,26,True,unemployed,management_or_self_emp,True
954,955,female,divorced_or_married,4,29,True,below_4y,skilled_official,True
955,956,female,divorced_or_married,4,57,True,above_7y,management_or_self_emp,True
956,957,male,single,4,49,False,above_7y,unskilled_resident,True
957,958,male,single,4,37,False,above_7y,unskilled_resident,True
958,959,male,single,2,45,False,below_4y,unskilled_resident,True
959,960,male,single,4,30,False,above_7y,skilled_official,True
960,961,male,married_or_widowed,2,30,False,above_7y,skilled_official,True
961,962,male,divorced,4,47,False,below_4y,skilled_official,True
962,963,male,single,2,29,False,below_4y,skilled_official,True
963,964,male,single,2,35,True,above_7y,skilled_official,True
964,965,male,married_or_widowed,1,22,False,below_1y,unskilled_resident,True
965,966,female,divorced_or_married,1,26,False,below_4y,skilled_official,True
966,967,male,single,2,23,False,below_4y,unskilled_resident,True
967,968,female,divorced_or_married,2,54,True,above_7y,management_or_self_emp,True
968,969,male,married_or_widowed,4,29,True,below_7y,skilled_official,True
969,970,male,single,2,40,False,below_4y,unskilled_resident,True
970,971,male,single,2,22,False,below_4y,skilled_official,True
971,972,male,single,4,43,False,below_4y,unskilled_resident,True
972,973,female,divorced_or_married,4,29,False,unemployed,unemployed_non_resident,True
973,974,male,single,4,36,False,above_7y,skilled_official,True
974,975,female,divorced_or_married,2,33,True,below_4y,skilled_official,True
975,976,female,divorced_or_married,3,57,False,below_4y,unskilled_resident,True
976,977,female,divorced_or_married,3,64,False,below_4y,skilled_official,True
977,978,male,single,2,42,False,above_7y,skilled_official,True
978,979,male,single,4,47,False,above_7y,unskilled_resident,True
979,980,male,married_or_widowed,2,25,False,below_4y,skilled_official,True
980,981,male,single,2,49,False,below_7y,skilled_official,True
981,982,male,single,2,33,True,unemployed,management_or_self_emp,True
982,983,female,divorced_or_married,1,28,True,below_4y,management_or_self_emp,True
983,984,male,single,2,26,False,below_4y,skilled_official,True
984,985,male,single,2,30,False,below_7y,unskilled_resident,True
985,986,female,divorced_or_married,3,25,False,below_4y,skilled_official,True
986,987,male,divorced,1,33,False,below_1y,skilled_official,True
987,988,female,divorced_or_married,4,64,False,unemployed,skilled_official,True
988,989,male,single,2,29,True,unemployed,management_or_self_emp,True
989,990,male,single,2,48,False,above_7y,unskilled_resident,True
990,991,male,single,1,37,False,below_1y,unskilled_resident,True
991,992,male,single,4,34,False,above_7y,unskilled_resident,True
992,993,male,married_or_widowed,4,23,False,below_7y,unskilled_resident,True
993,994,male,single,3,30,True,unemployed,management_or_self_emp,True
994,995,male,single,3,50,True,above_7y,skilled_official,True
995,996,female,divorced_or_married,4,31,False,below_7y,unskilled_resident,True
996,997,male,divorced,4,40,True,below_4y,management_or_self_emp,True
997,998,male,single,4,38,False,above_7y,skilled_official,True
998,999,male,single,4,23,True,below_4y,skilled_official,True
999,1000,male,single,4,27,False,unemployed,skilled_official,True
